mode,repetition,operations,elapsed_ns,checksum
bare,0,100000,17052750,2867200000
bare,1,100000,17139875,2867200000
bare,2,100000,16872208,2867200000
bare,3,100000,16870291,2867200000
bare,4,100000,16861958,2867200000
bare,5,100000,16866625,2867200000
disabled,0,100000,16828583,2867200000
disabled,1,100000,16882167,2867200000
disabled,2,100000,16887459,2867200000
disabled,3,100000,16863750,2867200000
disabled,4,100000,16897250,2867200000
disabled,5,100000,16865875,2867200000
debug,0,100000,150542041,2867200000
debug,1,100000,147729917,2867200000
debug,2,100000,145945375,2867200000
debug,3,100000,150782083,2867200000
debug,4,100000,163071292,2867200000
debug,5,100000,163075875,2867200000
