mode,repetition,elapsed_ns
after,0,2355583
before,0,2406791
before,1,2143250
after,1,1977458
after,2,2177958
before,2,2406125
before,3,2583083
after,3,2491917
after,4,2302542
before,4,2154250
before,5,2294250
after,5,2375708
after,6,2433125
before,6,2440041
before,7,2285209
after,7,2251541
after,8,1953584
before,8,2335208
before,9,2216708
after,9,2256250
after,10,2130333
before,10,2385167
before,11,2251125
after,11,2214959
after,12,2050584
before,12,2409459
before,13,2402375
after,13,2535542
after,14,2569500
before,14,2605583
before,15,2351417
after,15,2435167
after,16,2414208
before,16,2792166
before,17,2679416
after,17,2403166
after,18,2253208
before,18,2507375
before,19,2404000
after,19,2793750
after,20,2517000
before,20,2320125
before,21,2518542
after,21,2562667
after,22,2909333
before,22,2951334
before,23,2541458
after,23,2588375
after,24,2462625
before,24,2467541
before,25,2490042
after,25,2650000
after,26,2696458
before,26,2579250
before,27,2575250
after,27,2243833
after,28,2104541
before,28,2268083
before,29,2074167
after,29,2346542
after,30,2176708
before,30,1977542
before,31,2273791
after,31,2374583
after,32,2564500
before,32,2320708
before,33,2220791
after,33,2355334
after,34,2247417
before,34,2546083
before,35,2251792
after,35,2158791
after,36,2292542
before,36,2378541
before,37,2222542
after,37,2197500
after,38,2202333
before,38,2138458
before,39,2185250
after,39,2456875
after,40,2341833
before,40,2399333
before,41,2442709
after,41,2289666
after,42,2132000
before,42,2162875
before,43,2518875
after,43,2439250
after,44,2126459
before,44,2434166
before,45,2374167
after,45,2322125
after,46,2300542
before,46,2420333
before,47,2460125
after,47,2240500
after,48,2280208
before,48,2519042
before,49,2326625
after,49,2285750
